{"inputUnits":[42],"outputUnits":2,"inputs":{"0":{"dtype":"number","min":174.83126589310243,"max":612.0482417138713},"1":{"dtype":"number","min":101.10074801878349,"max":479.43222338224143},"2":{"dtype":"number","min":136.35874671112677,"max":590.3399532403199},"3":{"dtype":"number","min":105.70167007054908,"max":478.57415089729597},"4":{"dtype":"number","min":103.61831013701034,"max":583.1544140195106},"5":{"dtype":"number","min":89.30432568186544,"max":461.017716991725},"6":{"dtype":"number","min":82.10820957985254,"max":602.8441621030212},"7":{"dtype":"number","min":59.879992784054934,"max":445.67073516311973},"8":{"dtype":"number","min":73.39431346209116,"max":626.1093269857255},"9":{"dtype":"number","min":39.868511203852265,"max":434.16257197082064},"10":{"dtype":"number","min":93.03446907801678,"max":582.7827192875181},"11":{"dtype":"number","min":63.06675931301799,"max":425.10349525705874},"12":{"dtype":"number","min":66.28348816046255,"max":595.7529068653361},"13":{"dtype":"number","min":36.15880646330564,"max":396.79628249298884},"14":{"dtype":"number","min":72.43599438365428,"max":600.4070241014164},"15":{"dtype":"number","min":21.7867389432694,"max":392.70062578446954},"16":{"dtype":"number","min":54.21579948903976,"max":596.6995498823779},"17":{"dtype":"number","min":1.0182412400018226,"max":398.12865991944136},"18":{"dtype":"number","min":99.2813680238553,"max":609.896587726752},"19":{"dtype":"number","min":51.62783174742159,"max":421.1646528055271},"20":{"dtype":"number","min":69.45067850058341,"max":622.6195910979802},"21":{"dtype":"number","min":22.29147363214634,"max":385.6654514604543},"22":{"dtype":"number","min":85.5124406751786,"max":625.0871574270079},"23":{"dtype":"number","min":1.4466695851073474,"max":394.56023530211496},"24":{"dtype":"number","min":69.1110427681487,"max":621.2611055134973},"25":{"dtype":"number","min":-19.60549902532368,"max":398.629365814528},"26":{"dtype":"number","min":108.04001516024027,"max":634.1665336008938},"27":{"dtype":"number","min":39.34632904143834,"max":425.13142950493386},"28":{"dtype":"number","min":80.99972200510074,"max":645.9218574711963},"29":{"dtype":"number","min":18.109459668545906,"max":390.2988765223275},"30":{"dtype":"number","min":96.94817647218649,"max":648.0001173379873},"31":{"dtype":"number","min":2.855664027216571,"max":397.27046709063916},"32":{"dtype":"number","min":92.872023526442,"max":643.028712794757},"33":{"dtype":"number","min":-17.5787360209725,"max":401.4542562066147},"34":{"dtype":"number","min":120.23576567506475,"max":652.3541658994222},"35":{"dtype":"number","min":30.45087224045977,"max":435.05389103945504},"36":{"dtype":"number","min":94.66360626599331,"max":663.2795975058053},"37":{"dtype":"number","min":14.513060862219058,"max":408.7929131742567},"38":{"dtype":"number","min":103.62110403173055,"max":666.2532076560116},"39":{"dtype":"number","min":21.527717820773056,"max":400.73981406301885},"40":{"dtype":"number","min":116.82389469574363,"max":663.873619670692},"41":{"dtype":"number","min":4.1192662479819875,"max":406.53208414538153}},"outputs":{"0":{"dtype":"string","min":0,"max":1,"uniqueValues":["A","B"],"legend":{"A":[1,0],"B":[0,1]}}},"isNormalized":true}